id,country_full,country_abrv,rank,total_points,previous_points,rank_change,last_update,points_mean_alltime,delta_points_mean_alltime,delta_points_sum_alltime,rank_change_mean_alltime,rank_change_sum_alltime,rank_mean_alltime,points_mean_4years,delta_points_mean_4years,delta_points_sum_4years,rank_change_mean_4years,rank_change_sum_4years,rank_mean_4years,points_mean_1year,delta_points_mean_1year,delta_points_sum_1year,rank_change_mean_1year,rank_change_sum_1year,rank_mean_1year,best_rank_4year,worst_rank_4year,delta_ranks_4year
43935,Belgium,BEL,1,1746,1737,0,2019-06-14,983,6.88,950,0.44,61,26,1420,-0.11,-5,0.04,2,3,1683,11.78,106,0.22,2,1,1,10,9
43946,France,FRA,2,1718,1734,0,2019-06-14,1090,-1.59,-221,0.01,1,12,1226,4.73,213,0.2,9,10,1668,19.33,174,0.56,5,2,1,25,24
43924,Brazil,BRA,3,1681,1676,0,2019-06-14,1340,-1.28,-176,-0.04,-5,5,1447,0.39,17,-0.02,-1,3,1645,14.67,132,-0.11,-1,2,1,9,8
43942,England,ENG,4,1652,1647,0,2019-06-14,1133,-1.19,-164,0.02,3,9,1188,2.6,117,0.22,10,10,1565,11.89,107,1.0,9,5,4,16,12
43963,Portugal,POR,5,1631,1607,2,2019-06-14,1192,-0.06,-8,0.02,3,7,1328,2.13,96,0.04,2,6,1575,1.22,11,-0.11,-1,6,3,8,5
43938,Croatia,CRO,6,1625,1621,-1,2019-06-14,1078,0.25,34,0.04,6,12,1113,1.48,65,0.25,11,14,1556,7.44,67,1.33,12,6,4,27,23
43969,Spain,ESP,7,1617,1601,2,2019-06-14,1445,-0.53,-74,0.01,2,4,1274,1.04,47,0.07,3,8,1543,1.89,17,0.11,1,8,3,12,9
43930,Uruguay,URU,8,1615,1613,-2,2019-06-14,1083,1.38,192,0.09,13,13,1164,-2.11,-95,0.0,0,12,1549,11.67,105,1.0,9,7,5,22,17
43971,Switzerland,SUI,9,1605,1604,-1,2019-06-14,999,1.6,221,0.05,7,17,1201,0.34,15,-0.05,-2,10,1555,5.0,45,-0.33,-3,7,4,18,14
43941,Denmark,DEN,10,1589,1586,0,2019-06-14,872,1.85,253,0.15,20,26,937,6.13,276,0.42,19,29,1526,3.33,30,0.22,2,10,9,51,42
43948,Germany,GER,11,1582,1570,2,2019-06-14,1416,0.83,115,-0.04,-5,3,1475,-3.27,-147,-0.18,-8,4,1563,-0.44,-4,-1.11,-10,12,1,16,15
43922,Argentina,ARG,11,1582,1580,0,2019-06-14,1346,-2.05,-285,-0.05,-7,4,1493,-5.67,-255,-0.2,-9,3,1541,-1.67,-15,-0.67,-6,10,1,12,11
43926,Colombia,COL,13,1580,1573,-1,2019-06-14,1040,0.97,133,0.08,11,19,1290,-9.68,-426,-0.25,-11,8,1507,3.67,33,0.33,3,12,3,16,13
43954,Italy,ITA,14,1569,1550,3,2019-06-14,1166,-4.57,-635,-0.09,-13,9,1136,-2.16,-97,-0.02,-1,15,1475,4.56,41,0.67,6,18,10,21,11
43960,Netherlands,NED,14,1569,1554,2,2019-06-14,1226,-1.64,-227,0.02,3,9,1053,-4.16,-183,0.07,3,18,1490,4.56,41,0.56,5,15,5,36,31
43925,Chile,CHI,16,1561,1559,-1,2019-06-14,1019,3.07,420,0.17,23,17,1309,2.55,112,0.0,0,8,1517,-2.0,-18,-0.78,-7,12,3,19,16
43970,Sweden,SWE,17,1558,1567,-3,2019-06-14,842,0.36,49,0.03,4,28,933,5.05,222,0.5,22,29,1483,4.11,37,0.67,6,15,13,45,32
43911,Mexico,MEX,18,1557,1549,0,2019-06-14,955,0.57,78,0.0,0,19,1080,2.0,90,0.09,4,18,1486,-1.11,-10,-0.33,-3,16,14,40,26
43962,Poland,POL,19,1550,1535,1,2019-06-14,773,2.09,288,0.01,1,41,1114,9.32,410,0.36,16,18,1491,3.67,33,-1.0,-9,18,5,43,38
43817,IR Iran,IRN,20,1518,1516,1,2019-06-14,690,0.71,98,0.2,28,44,882,1.71,77,0.44,20,33,1404,4.33,39,1.78,16,28,20,45,25
43929,Peru,PER,21,1516,1516,0,2019-06-14,717,4.32,601,0.31,43,44,995,12.2,549,0.93,42,26,1477,-2.78,-25,-1.11,-10,19,10,61,51
43879,Senegal,SEN,22,1515,1515,1,2019-06-14,654,1.24,173,0.14,20,51,890,2.24,101,0.31,14,32,1430,3.11,28,0.67,6,24,22,48,26
43974,Wales,WAL,23,1514,1539,-4,2019-06-14,717,3.73,507,0.4,54,48,1123,0.33,14,-0.05,-2,16,1465,0.0,0,-0.22,-2,19,8,26,18
43973,Ukraine,UKR,24,1513,1493,3,2019-06-14,826,-1.91,-265,-0.17,-23,30,929,0.13,6,-0.02,-1,29,1402,0.11,1,0.67,6,29,19,37,18
43888,Tunisia,TUN,25,1501,1491,3,2019-06-14,708,1.6,223,0.15,21,42,889,2.09,94,0.09,4,33,1433,-13.89,-125,-1.22,-11,24,14,48,34
43934,Austria,AUT,26,1498,1479,8,2019-06-14,676,2.7,375,0.33,46,51,995,-1.16,-52,-0.02,-1,24,1428,-0.22,-2,0.0,0,24,10,57,47
43964,Romania,ROU,27,1497,1496,-2,2019-06-14,841,-1.21,-168,-0.1,-14,30,952,-6.56,-295,-0.33,-15,28,1416,6.0,54,0.56,5,26,7,47,40
43952,Northern Ireland,NIR,28,1496,1481,5,2019-06-14,676,0.33,46,0.06,8,52,931,3.0,135,0.4,18,29,1402,-3.33,-30,-0.11,-1,31,20,44,24
43819,Japan,JPN,28,1496,1494,-2,2019-06-14,746,0.03,4,0.12,17,39,764,-0.19,-8,0.4,17,50,1337,13.0,117,3.56,32,44,26,61,35
43921,USA,USA,30,1495,1506,-6,2019-06-14,895,0.6,84,0.06,9,23,949,0.78,35,0.09,4,26,1432,-2.22,-20,-0.67,-6,24,22,35,13
44002,Slovakia,SVK,31,1491,1482,1,2019-06-14,773,0.28,39,-0.02,-3,36,976,-2.69,-121,-0.27,-12,25,1410,1.44,13,-0.22,-2,28,14,32,18
43953,Republic of Ireland,IRL,32,1489,1484,-3,2019-06-14,752,0.11,15,-0.04,-6,38,903,5.36,236,0.68,30,32,1400,0.67,6,-0.11,-1,31,23,60,37
43931,Venezuela,VEN,33,1485,1484,-4,2019-06-14,627,2.29,318,0.28,39,53,732,5.98,269,0.8,36,54,1398,6.11,55,0.67,6,31,29,83,54
1902465,Serbia,SRB,34,1477,1484,-5,2019-06-14,789,-0.55,-77,-0.08,-11,33,802,2.04,92,0.22,10,43,1394,2.67,24,0.11,1,32,29,66,37
43951,Iceland,ISL,35,1473,1450,5,2019-06-14,596,3.74,520,0.42,58,66,972,2.96,133,0.07,3,27,1397,-7.67,-69,-1.44,-13,34,18,40,22
43928,Paraguay,PAR,36,1468,1467,0,2019-06-14,772,0.14,20,-0.01,-1,36,829,7.69,346,1.0,45,39,1396,2.67,24,-0.44,-4,32,30,85,55
43822,Korea Republic,KOR,37,1467,1462,0,2019-06-14,676,0.39,54,0.01,2,46,758,1.07,48,0.18,8,50,1324,11.44,103,2.67,24,48,37,62,25
43972,Turkey,TUR,37,1467,1457,2,2019-06-14,823,-1.46,-202,-0.08,-11,31,930,2.32,102,0.25,11,31,1368,0.33,3,0.0,0,38,13,57,44
43901,Costa Rica,CRC,39,1453,1458,-1,2019-06-14,741,1.77,244,0.09,13,42,969,-4.43,-195,-0.55,-24,27,1396,-4.11,-37,-1.56,-14,35,14,42,28
44037,Bosnia and Herzegovina,BIH,39,1453,1478,-4,2019-06-14,788,0.18,25,0.03,4,35,928,-1.98,-89,-0.16,-7,30,1381,0.67,6,0.22,2,35,20,41,21
43995,Czech Republic,CZE,41,1448,1424,7,2019-06-14,883,-3.91,-539,-0.25,-35,27,884,-6.3,-277,-0.61,-27,37,1342,1.56,14,0.44,4,44,15,58,43
43950,Hungary,HUN,42,1442,1419,9,2019-06-14,715,0.9,124,0.11,15,42,889,0.23,10,0.11,5,37,1325,4.22,38,0.78,7,50,18,59,41
43976,Australia,AUS,43,1436,1441,-2,2019-06-14,729,0.07,10,0.03,4,42,783,3.56,153,0.58,25,48,1355,-1.11,-10,-0.33,-3,41,36,68,32
43965,Russia,RUS,43,1436,1425,3,2019-06-14,914,-2.69,-371,-0.18,-25,26,807,-6.25,-275,-0.34,-15,47,1317,6.67,60,2.56,23,49,23,70,47
43967,Scotland,SCO,45,1433,1430,-1,2019-06-14,740,-2.3,-320,-0.23,-32,41,803,-3.27,-147,-0.33,-15,44,1354,-9.56,-86,-1.22,-11,40,28,67,39
43876,Nigeria,NGA,45,1433,1435,-3,2019-06-14,727,-1.32,-182,-0.18,-25,41,764,-2.16,-95,-0.2,-9,51,1335,-0.44,-4,0.22,2,45,38,70,32
43872,Morocco,MAR,47,1429,1429,-2,2019-06-14,584,0.28,39,0.04,5,62,726,6.58,296,0.96,43,56,1347,-1.56,-14,-0.56,-5,43,39,92,53
43961,Norway,NOR,47,1429,1420,3,2019-06-14,721,-0.18,-25,0.02,3,43,685,2.89,130,0.51,23,61,1327,1.44,13,0.11,1,49,34,88,54
20014,Congo DR,COD,49,1424,1425,-3,2019-06-14,497,1.45,200,0.19,26,80,794,2.91,128,0.41,18,47,1349,-4.11,-37,-1.22,-11,45,28,65,37
43860,Ghana,GHA,50,1423,1423,-1,2019-06-14,808,-1.38,-191,-0.17,-23,33,824,-4.77,-210,-0.55,-24,43,1327,2.22,20,0.0,0,49,25,54,29
43849,Cameroon,CMR,51,1404,1399,3,2019-06-14,732,-2.45,-340,-0.55,-76,43,776,-0.56,-25,-0.07,-3,49,1314,-0.11,-1,-0.11,-1,52,32,65,33
43949,Greece,GRE,52,1403,1433,-9,2019-06-14,937,-2.46,-342,0.0,0,23,816,-6.29,-283,0.22,10,42,1341,-4.44,-40,-0.89,-8,44,25,52,27
999,Montenegro,MNE,53,1401,1419,-2,2019-06-14,564,4.4,611,1.04,144,70,689,3.47,156,0.49,22,62,1341,-6.44,-58,-1.11,-10,44,37,105,68
43910,Jamaica,JAM,54,1397,1391,2,2019-06-14,538,-0.82,-113,-0.26,-35,69,699,2.64,119,0.44,20,60,1310,-0.22,-2,-0.22,-2,54,46,80,34
43834,Qatar,QAT,55,1396,1398,0,2019-06-14,419,0.9,124,0.35,48,92,547,3.8,171,1.07,48,87,1198,18.78,169,5.11,46,81,55,103,48
43945,Finland,FIN,56,1394,1375,4,2019-06-14,557,-1.39,-192,0.12,17,66,622,1.56,70,1.16,52,73,1280,1.0,9,0.67,6,58,43,110,67
43936,Bulgaria,BUL,57,1388,1419,-6,2019-06-14,663,-1.19,-164,-0.17,-23,52,711,1.8,81,0.22,10,59,1330,0.33,3,-0.44,-4,48,36,89,53
43855,Egypt,EGY,58,1384,1384,-1,2019-06-14,760,0.06,9,-0.09,-13,39,825,-0.24,-11,-0.16,-7,43,1299,-3.89,-35,-1.33,-12,57,19,65,46
43847,Burkina Faso,BFA,59,1381,1380,-1,2019-06-14,581,0.04,6,-0.04,-5,63,713,1.33,60,0.16,7,60,1296,-0.56,-5,-0.56,-5,57,35,93,58
43927,Ecuador,ECU,60,1375,1378,-1,2019-06-14,777,-1.92,-267,-0.2,-28,38,907,-5.31,-239,-0.58,-26,37,1283,1.89,17,0.33,3,58,12,71,59
43909,Honduras,HON,61,1368,1369,0,2019-06-14,609,-0.4,-56,-0.04,-5,57,617,1.11,50,0.33,15,74,1272,-3.0,-27,-0.22,-2,61,59,101,42
43923,Bolivia,BOL,62,1365,1366,1,2019-06-14,512,0.9,122,0.12,17,74,670,1.6,67,0.21,9,68,1280,-3.0,-27,-0.56,-5,59,46,110,64
43869,Mali,MLI,62,1365,1365,3,2019-06-14,628,-1.39,-193,-0.15,-21,54,681,-1.98,-89,-0.13,-6,64,1264,3.0,27,0.56,5,64,52,76,24
43854,CÃ´te d'Ivoire,CIV,62,1365,1365,3,2019-06-14,857,-2.78,-384,-0.27,-37,29,828,-9.82,-432,-0.86,-38,46,1256,2.89,26,0.78,7,65,19,71,52
43968,Slovenia,SVN,65,1363,1366,-2,2019-06-14,679,0.39,54,0.04,6,48,723,-2.7,-119,-0.39,-17,58,1281,3.78,34,0.0,0,61,45,69,24
43932,Albania,ALB,66,1362,1368,-4,2019-06-14,568,0.76,105,0.08,11,64,768,-1.31,-59,-0.2,-9,51,1280,-3.67,-33,-1.11,-10,60,22,71,49
43840,United Arab Emirates,UAE,67,1360,1360,0,2019-06-14,441,0.95,132,0.18,25,90,635,-0.78,-35,0.02,1,71,1226,6.78,61,1.56,14,74,64,81,17
43843,Algeria,ALG,68,1346,1348,2,2019-06-14,722,-0.16,-22,-0.12,-16,44,820,-9.98,-449,-1.16,-52,47,1249,-3.44,-31,-0.44,-4,67,19,70,51
43904,El Salvador,SLV,69,1342,1344,2,2019-06-14,413,2.42,334,0.56,77,95,506,1.42,64,0.33,15,98,1234,6.67,60,1.78,16,71,69,140,71
43835,Saudi Arabia,KSA,69,1342,1342,3,2019-06-14,514,-0.29,-40,-0.05,-7,75,672,2.44,110,0.58,26,66,1241,-0.33,-3,-0.22,-2,69,48,98,50
43861,Guinea,GUI,71,1336,1350,-3,2019-06-14,596,-0.88,-120,-0.15,-21,59,687,-4.63,-199,-0.67,-29,63,1251,0.56,5,-0.11,-1,67,45,72,27
43883,South Africa,RSA,72,1335,1335,1,2019-06-14,547,-0.55,-77,-0.09,-13,66,646,-2.53,-114,-0.29,-13,70,1227,0.78,7,0.0,0,73,60,81,21
43812,China PR,CHN,73,1333,1327,1,2019-06-14,458,-0.07,-10,-0.16,-22,84,597,0.62,28,0.2,9,77,1222,0.56,5,0.0,0,74,57,96,39
44000,North Macedonia,MKD,73,1333,1350,-5,2019-06-14,450,-0.84,-117,0.39,54,89,469,3.02,136,2.36,106,112,1242,2.89,26,0.44,4,69,68,166,98
43914,Panama,PAN,75,1322,1327,-1,2019-06-14,601,-0.34,-47,-0.18,-25,58,716,-2.0,-90,-0.49,-22,60,1245,-8.56,-77,-2.22,-20,70,49,76,27
43850,Cape Verde Islands,CPV,76,1319,1319,0,2019-06-14,536,0.6,84,0.07,10,72,691,-6.58,-296,-0.87,-39,64,1237,-11.56,-104,-2.0,-18,70,31,115,84
43818,Iraq,IRQ,77,1315,1319,-1,2019-06-14,428,0.15,21,0.03,4,90,519,0.82,37,0.2,9,95,1186,5.33,48,1.56,14,85,76,128,52
43899,Canada,CAN,78,1314,1314,0,2019-06-14,451,0.99,138,0.18,25,87,517,3.2,144,0.82,37,95,1211,1.56,14,0.22,2,78,76,120,44
1930407,Curacao,CUW,79,1302,1296,3,2019-06-14,291,3.07,301,0.71,70,136,509,5.58,251,1.53,69,102,1203,-3.22,-29,-0.89,-8,80,68,154,86
43889,Uganda,UGA,80,1299,1302,-1,2019-06-14,483,0.83,115,0.18,25,79,625,-1.76,-79,-0.2,-9,73,1206,-2.22,-20,-0.67,-6,79,62,83,21
43891,Zambia,ZAM,81,1298,1302,-2,2019-06-14,517,-0.42,-58,-0.11,-15,72,580,-3.33,-150,-0.47,-21,81,1203,-1.11,-10,-0.33,-3,79,67,99,32
43984,Israel,ISR,82,1286,1285,2,2019-06-14,668,-2.46,-342,-0.31,-43,53,635,-5.71,-257,-0.8,-36,75,1166,5.0,45,1.78,16,89,40,99,59
43937,Belarus,BLR,82,1286,1301,-1,2019-06-14,511,-0.63,-87,-0.14,-19,73,594,-0.04,-2,0.02,1,79,1208,-1.67,-15,-0.33,-3,78,57,100,43
44005,Uzbekistan,UZB,82,1286,1279,3,2019-06-14,526,-1.07,-147,-0.17,-23,71,644,-2.23,-96,-0.23,-10,73,1160,1.22,11,0.67,6,91,48,96,48
43838,Syria,SYR,85,1278,1286,-2,2019-06-14,352,1.09,151,-0.05,-7,110,532,3.93,173,0.14,6,93,1211,-3.67,-33,-1.0,-9,77,73,132,59
43831,Oman,OMA,86,1277,1277,0,2019-06-14,414,-0.39,-54,-0.1,-14,93,502,0.84,36,0.26,11,101,1185,-0.33,-3,0.11,1,84,82,129,47
43825,Lebanon,LBN,86,1277,1277,0,2019-06-14,340,2.32,204,0.15,13,123,495,5.27,195,0.38,14,113,1194,-2.22,-20,-0.44,-4,81,77,158,81
43845,Benin,BEN,88,1273,1267,3,2019-06-14,447,0.48,67,0.04,5,88,578,0.42,19,-0.09,-4,83,1168,-2.33,-21,-0.44,-4,90,66,115,49
43858,Gabon,GAB,89,1272,1272,1,2019-06-14,530,0.04,5,-0.07,-9,73,563,-6.45,-284,-1.34,-59,87,1179,0.44,4,0.11,1,86,59,111,52
43853,Congo,CGO,90,1265,1265,2,2019-06-14,456,-0.37,-51,-0.11,-15,86,635,-5.73,-258,-0.91,-41,73,1180,-1.33,-12,-0.11,-1,85,42,96,54
43958,Luxembourg,LUX,90,1265,1277,-4,2019-06-14,286,2.3,318,0.7,96,127,444,3.8,171,1.04,47,118,1180,-3.33,-30,-0.78,-7,85,82,147,65
43920,Trinidad and Tobago,TRI,92,1260,1258,1,2019-06-14,493,-0.63,-87,-0.18,-25,77,623,-3.4,-153,-0.6,-27,75,1162,0.0,0,0.0,0,91,49,99,50
43939,Cyprus,CYP,93,1258,1276,-4,2019-06-14,418,-0.45,-63,-0.12,-17,94,534,0.44,20,0.07,3,91,1176,-2.67,-24,-0.78,-7,87,70,139,69
43947,Georgia,GEO,94,1255,1256,0,2019-06-14,394,0.1,14,-0.02,-3,100,458,3.69,166,1.0,45,113,1159,0.11,1,0.11,1,92,89,154,65
43999,Kyrgyz Republic,KGZ,95,1252,1253,0,2019-06-14,227,2.09,286,0.42,58,145,459,5.07,223,1.39,61,113,1160,-7.67,-69,-2.22,-20,92,75,177,102
43841,Vietnam,VIE,96,1232,1227,2,2019-06-14,276,0.99,137,0.2,27,130,413,2.6,117,0.71,32,126,1125,1.33,12,0.67,6,100,96,153,57
43933,Armenia,ARM,97,1230,1206,9,2019-06-14,483,1.17,161,0.22,31,82,529,-2.48,-109,-0.48,-21,96,1123,-0.78,-7,0.11,1,100,67,127,60
43820,Jordan,JOR,98,1229,1229,-1,2019-06-14,407,-0.4,-56,0.09,13,96,495,0.38,17,0.11,5,101,1106,6.78,61,2.22,20,105,78,118,40
43943,Estonia,EST,99,1228,1240,-3,2019-06-14,417,0.34,47,-0.01,-2,94,519,-0.52,-23,-0.14,-6,96,1142,-3.22,-29,-0.67,-6,96,78,130,52
43989,Palestine,PLE,100,1224,1224,-1,2019-06-14,236,1.42,198,0.47,66,141,474,3.31,149,0.91,41,109,1131,-2.0,-18,-0.44,-4,99,73,138,65
43815,India,IND,101,1219,1219,0,2019-06-14,227,1.88,261,0.41,57,143,417,3.73,168,0.84,38,125,1135,-2.78,-25,-0.44,-4,98,96,172,76
43908,Haiti,HAI,101,1219,1223,-1,2019-06-14,459,-0.18,-25,-0.03,-4,86,608,-2.57,-113,-0.5,-22,80,1117,3.0,27,0.78,7,102,48,108,60
43870,Mauritania,MTN,103,1210,1210,0,2019-06-14,235,0.99,135,0.15,21,143,484,2.11,93,0.57,25,105,1113,0.0,0,0.22,2,103,81,149,68
43875,Niger,NIG,104,1209,1209,0,2019-06-14,307,1.43,197,0.33,45,121,457,1.61,71,0.39,17,113,1108,1.89,17,0.56,5,105,96,133,37
43863,Kenya,KEN,105,1207,1202,3,2019-06-14,348,0.88,121,0.36,50,110,494,1.24,56,0.8,36,101,1102,2.78,25,0.67,6,107,74,131,57
43866,Libya,LBY,105,1207,1207,0,2019-06-14,468,-0.18,-25,-0.11,-15,82,517,0.84,38,0.16,7,95,1117,-2.44,-22,-0.56,-5,103,76,122,46
43944,Faroe Islands,FRO,107,1200,1213,-5,2019-06-14,268,2.06,287,0.56,78,133,535,-0.22,-10,-0.11,-5,92,1142,-6.22,-56,-1.56,-14,96,74,136,62
43867,Madagascar,MAD,108,1198,1203,-1,2019-06-14,229,1.71,236,0.43,60,143,446,3.24,146,0.93,42,116,1107,2.0,18,0.67,6,105,89,138,49
43892,Zimbabwe,ZIM,109,1192,1190,1,2019-06-14,369,-0.39,-53,-0.22,-30,105,469,1.93,83,0.37,16,111,1077,1.11,10,0.44,4,113,101,131,30
43808,Bahrain,BHR,110,1188,1188,1,2019-06-14,387,0.09,13,-0.14,-19,102,432,-0.04,-2,-0.4,-18,120,1083,1.78,16,0.67,6,112,106,133,27
43994,Azerbaijan,AZE,110,1188,1202,-2,2019-06-14,341,-0.27,-37,-0.14,-20,112,475,0.82,37,0.13,6,108,1105,6.22,56,1.78,16,107,76,138,62
43851,Central African Republic,CTA,112,1184,1184,0,2019-06-14,277,1.88,261,0.31,43,133,440,2.84,128,0.0,0,116,1086,0.89,8,0.33,3,111,86,170,84
43874,Namibia,NAM,113,1182,1181,0,2019-06-14,315,0.9,125,0.15,21,119,448,0.27,12,0.02,1,116,1082,-1.89,-17,-0.67,-6,112,94,156,62
44027,Kazakhstan,KAZ,114,1174,1171,2,2019-06-14,289,0.62,85,0.08,11,126,440,1.62,73,0.44,20,117,1065,1.11,10,0.33,3,117,83,145,62
43881,Sierra Leone,SLE,115,1172,1172,0,2019-06-14,383,1.67,231,0.44,61,103,489,-1.16,-51,-0.2,-9,104,1076,-6.22,-56,-1.33,-12,114,76,121,45
43839,Thailand,THA,116,1165,1174,-2,2019-06-14,296,0.36,50,0.01,1,125,408,1.91,86,0.58,26,127,1057,1.78,16,0.67,6,118,114,146,32
43873,Mozambique,MOZ,117,1163,1166,0,2019-06-14,388,0.38,52,-0.01,-1,100,480,-2.34,-103,-0.68,-30,105,1068,-4.67,-42,-1.22,-11,116,81,125,44
43862,Guinea-Bissau,GNB,118,1158,1158,0,2019-06-14,218,2.45,335,0.62,85,149,491,3.2,141,0.64,28,107,1055,-7.22,-65,-1.56,-14,119,68,155,87
43978,New Zealand,NZL,119,1157,1157,0,2019-06-14,384,0.58,80,0.07,10,104,416,2.18,98,0.6,27,124,1056,3.56,32,1.56,14,119,88,161,73
44003,Tajikistan,TJK,120,1151,1155,0,2019-06-14,249,0.6,83,0.27,37,137,381,1.95,86,0.52,23,136,1057,-0.78,-7,0.0,0,119,118,164,46
1942535,Kosovo,KVX,121,1149,1124,6,2019-06-14,370,8.58,266,-3.9,-121,161,370,8.58,266,-3.9,-121,161,1008,11.33,102,3.44,31,133,121,190,69
43821,Korea DPR,PRK,122,1148,1152,-1,2019-06-14,333,1.18,164,0.49,68,115,442,2.58,116,1.73,78,116,1081,-4.67,-42,-1.33,-12,113,94,146,52
43844,Angola,ANG,123,1142,1142,-1,2019-06-14,405,-2.11,-293,-0.45,-63,98,408,-2.8,-126,-0.76,-34,127,1022,3.78,34,1.67,15,128,88,148,60
1882218,Antigua and Barbuda,ATG,124,1136,1136,-1,2019-06-14,334,-0.36,-49,-0.2,-28,113,471,-1.51,-68,-0.4,-18,106,1029,-0.89,-8,0.0,0,125,80,140,60
43813,Chinese Taipei,TPE,125,1132,1128,0,2019-06-14,159,1.34,184,0.31,43,164,324,3.86,166,1.3,56,154,1035,-2.67,-24,-0.44,-4,124,121,191,70
43833,Philippines,PHI,126,1131,1135,-2,2019-06-14,225,1.31,181,0.34,47,144,425,0.89,39,0.25,11,123,1060,-5.56,-50,-1.67,-15,118,111,139,28
43868,Malawi,MWI,126,1131,1122,2,2019-06-14,367,-0.38,-52,-0.15,-21,106,454,-2.27,-100,-0.73,-32,113,1027,-3.44,-31,-0.78,-7,126,95,133,38
43887,Togo,TOG,128,1127,1127,-2,2019-06-14,434,-1.7,-235,-0.43,-59,90,471,-4.51,-203,-1.07,-48,107,1035,-1.11,-10,0.0,0,124,77,129,52
43913,Nicaragua,NCA,129,1118,1120,0,2019-06-14,222,0.92,127,0.35,48,145,444,2.16,95,0.93,41,116,1020,0.67,6,0.78,7,129,92,151,59
43884,Sudan,SDN,130,1106,1106,0,2019-06-14,338,-1.12,-106,-0.24,-23,121,406,-0.36,-16,-0.07,-3,129,1016,-3.89,-35,-0.44,-4,129,84,164,80
43886,Tanzania,TAN,131,1105,1105,0,2019-06-14,311,-0.12,-17,-0.11,-15,121,382,-2.0,-88,-0.57,-25,136,993,-0.22,-2,0.67,6,136,114,160,46
43957,Lithuania,LTU,132,1101,1102,0,2019-06-14,440,-1.01,-141,-0.32,-45,92,426,-2.78,-125,-0.8,-36,122,1016,-2.33,-21,0.11,1,130,96,149,53
43916,St. Kitts and Nevis,SKN,133,1096,1096,2,2019-06-14,280,0.46,63,-0.01,-1,128,470,-1.61,-71,-0.52,-23,109,1005,-3.44,-31,-0.33,-3,134,73,136,63
43848,Burundi,BDI,134,1092,1089,2,2019-06-14,277,-0.27,-37,-0.15,-21,130,386,-0.6,-27,-0.27,-12,133,977,2.44,22,1.33,12,141,107,148,41
44004,Turkmenistan,TKM,135,1091,1089,1,2019-06-14,244,0.9,124,0.09,13,138,401,1.73,76,0.45,20,130,1010,-4.67,-42,-0.78,-7,131,112,173,61
43877,Rwanda,RWA,136,1088,1088,2,2019-06-14,346,-0.11,-15,-0.12,-16,111,461,-6.0,-270,-1.4,-63,110,995,-5.33,-48,-1.44,-13,136,78,138,60
43955,Latvia,LVA,137,1086,1101,-4,2019-06-14,427,-1.01,-138,-0.21,-29,93,445,-4.72,-203,-1.19,-51,117,1011,-2.78,-25,0.22,2,131,82,148,66
43829,Myanmar,MYA,138,1084,1080,2,2019-06-14,190,0.74,101,0.2,28,154,332,2.16,95,0.75,33,152,987,-3.22,-29,-0.33,-3,138,135,167,32
20001,Andorra,AND,139,1082,1099,-5,2019-06-14,97,0.76,106,0.16,22,188,265,4.07,183,1.44,65,171,1010,-4.33,-39,-0.78,-7,132,128,205,77
43980,Solomon Islands,SOL,140,1077,1083,-1,2019-06-14,159,0.52,71,0.04,5,166,272,3.05,134,1.0,44,170,976,3.67,33,1.44,13,142,139,200,61
43856,Equatorial Guinea,EQG,141,1074,1074,2,2019-06-14,351,-1.24,-172,-0.4,-55,111,482,-7.93,-357,-1.78,-80,109,972,0.22,2,0.44,4,144,50,148,98
43814,Hong Kong,HKG,141,1074,1078,0,2019-06-14,223,-0.35,-48,-0.14,-20,145,360,1.64,72,0.61,27,144,978,-0.11,-1,0.33,3,141,136,164,28
43885,Eswatini,SWZ,141,1074,1074,2,2019-06-14,209,0.5,69,0.06,8,149,416,2.02,91,0.78,35,125,988,-5.78,-52,-1.11,-10,138,88,162,74
43842,Yemen,YEM,144,1073,1073,2,2019-06-14,211,0.42,59,-0.2,-28,149,342,1.58,71,-0.13,-6,148,999,-7.0,-63,-2.22,-20,137,112,180,68
43864,Lesotho,LES,145,1072,1075,-3,2019-06-14,205,0.51,70,0.14,19,150,351,-1.22,-55,-0.31,-14,144,968,1.67,15,0.56,5,145,122,155,33
43906,Guatemala,GUA,145,1072,1074,-2,2019-06-14,373,-1.36,-187,-0.25,-35,104,467,-4.07,-183,-1.22,-55,109,966,-1.11,-10,-0.44,-4,146,78,149,71
43846,Botswana,BOT,147,1069,1060,1,2019-06-14,354,-0.96,-131,-0.35,-48,110,419,-2.84,-128,-0.96,-43,123,977,-1.0,-9,-0.56,-5,143,87,150,63
1896913,Comoros,COM,148,1068,1071,-1,2019-06-14,132,1.17,162,0.29,40,175,328,2.73,123,0.96,43,151,968,-0.78,-7,-0.67,-6,146,127,193,66
20000,Afghanistan,AFG,149,1058,1057,0,2019-06-14,172,1.15,160,0.27,38,163,340,-0.67,-30,-0.31,-14,148,967,-2.33,-21,-1.0,-9,146,130,158,28
43857,Ethiopia,ETH,150,1049,1049,0,2019-06-14,320,-1.09,-149,-0.36,-50,119,405,-3.41,-150,-1.09,-48,129,952,-1.89,-17,-0.44,-4,150,99,151,52
43828,Maldives,MDV,151,1046,1046,0,2019-06-14,190,0.8,110,0.18,24,154,314,0.2,9,0.64,28,156,949,-1.56,-14,-0.33,-3,151,140,178,38
43919,Suriname,SUR,152,1045,1045,0,2019-06-14,256,-0.53,-73,-0.23,-32,136,320,0.49,22,0.16,7,153,940,2.56,23,0.22,2,152,107,191,84
43865,Liberia,LBR,153,1044,1044,0,2019-06-14,276,-0.48,-67,-0.22,-30,129,400,-1.22,-55,-0.47,-21,128,938,-1.11,-10,-0.22,-2,153,86,161,75
43903,Dominican Republic,DOM,154,1028,1028,0,2019-06-14,235,0.16,22,-0.12,-16,143,348,-2.0,-86,-0.84,-36,146,939,-2.78,-25,-0.56,-5,153,114,163,49
20010,New Caledonia,NCL,155,1026,1026,0,2019-06-14,226,1.02,141,0.26,36,145,287,0.96,43,0.44,20,163,934,1.0,9,0.11,1,154,142,191,49
43823,Kuwait,KUW,156,1022,1022,0,2019-06-14,310,-1.42,-193,-0.49,-66,123,323,-1.67,-72,-0.72,-31,156,919,1.33,12,0.44,4,157,123,189,66
43871,Mauritius,MRI,157,1020,1022,-1,2019-06-14,134,-0.26,-36,-0.22,-30,173,306,1.52,67,0.61,27,158,924,0.89,8,0.44,4,155,142,185,43
43981,Tahiti,TAH,158,1015,1020,0,2019-06-14,154,0.27,37,0.0,0,168,282,1.36,60,0.59,26,165,920,0.89,8,0.44,4,157,148,196,48
43827,Malaysia,MAS,159,1009,986,9,2019-06-14,175,0.07,9,-0.1,-14,158,279,0.25,11,0.18,8,167,884,3.33,30,1.33,12,167,155,178,23
43816,Indonesia,IDN,160,1005,1008,-1,2019-06-14,199,0.2,27,0.09,12,152,268,0.25,11,0.43,19,169,902,1.44,13,0.44,4,161,154,191,37
43859,Gambia,GAM,161,1002,994,2,2019-06-14,270,-0.56,-77,-0.35,-48,134,281,-0.18,-8,-0.09,-4,165,883,4.0,36,1.56,14,167,142,179,37
43836,Singapore,SIN,162,999,998,-2,2019-06-14,213,-0.44,-60,-0.25,-34,148,295,-0.18,-8,0.0,0,161,890,2.22,20,1.11,10,165,148,173,25
43982,Vanuatu,VAN,163,997,991,3,2019-06-14,147,0.18,25,-0.01,-2,169,245,1.82,80,0.75,33,177,899,-2.44,-22,-0.89,-8,163,155,201,46
43896,Barbados,BRB,164,996,996,-3,2019-06-14,229,-0.89,-121,-0.35,-48,144,318,-2.43,-107,-0.75,-33,155,903,-1.56,-14,-0.67,-6,161,132,181,49
43830,Nepal,NEP,165,995,996,-4,2019-06-14,142,0.2,27,-0.01,-2,170,251,0.87,39,0.44,20,174,902,-0.22,-2,-0.11,-1,161,160,196,36
44011,Belize,BLZ,166,994,994,-3,2019-06-14,181,0.72,100,0.16,22,159,331,-0.68,-30,-0.32,-14,150,900,0.67,6,0.33,3,162,114,178,64
43977,Fiji,FIJ,167,992,992,-2,2019-06-14,174,0.17,23,0.01,1,161,246,1.77,78,0.7,31,178,886,-0.22,-2,0.0,0,167,165,199,34
1935341,South Sudan,SSD,168,989,989,-1,2019-06-14,185,1.23,97,-2.13,-168,174,305,1.2,54,0.56,25,158,904,-3.67,-33,-1.22,-11,161,134,198,64
44009,Cambodia,CAM,169,988,967,4,2019-06-14,117,0.4,55,0.03,4,178,255,0.59,26,0.3,13,174,878,0.22,2,0.11,1,169,166,186,20
44036,Moldova,MDA,170,985,974,1,2019-06-14,336,-1.61,-220,-0.57,-78,118,305,-3.05,-131,-1.21,-52,159,874,2.11,19,0.33,3,171,124,175,51
43979,Papua New Guinea,PNG,171,984,984,-2,2019-06-14,91,0.42,58,0.02,3,189,250,2.05,90,0.66,29,175,886,2.78,25,1.0,9,167,153,206,53
43917,St. Lucia,LCA,172,975,975,-2,2019-06-14,161,0.13,18,-0.09,-13,166,296,-2.82,-124,-1.0,-44,163,878,0.33,3,0.22,2,169,127,183,56
43905,Grenada,GRN,173,973,973,-1,2019-06-14,238,-0.05,-7,-0.12,-17,142,290,-0.4,-18,-0.04,-2,162,875,-2.0,-18,-1.11,-10,171,150,176,26
43898,Bermuda,BER,174,964,959,1,2019-06-14,194,-1.05,-144,-0.44,-60,155,259,-2.64,-119,-1.02,-46,173,854,1.78,16,0.44,4,177,126,188,62
43902,Cuba,CUB,175,961,961,-1,2019-06-14,340,-2.2,-304,-0.67,-93,116,332,-3.43,-151,-1.27,-56,152,858,2.33,21,0.78,7,176,91,182,91
43852,Chad,CHA,176,956,956,1,2019-06-14,229,-0.45,-62,-0.26,-36,144,333,-1.41,-62,-0.57,-25,150,859,-2.22,-20,-0.89,-8,175,97,177,80
43997,Dominica,DMA,177,954,954,1,2019-06-14,138,0.47,65,-0.17,-23,173,256,-0.73,-33,-0.98,-44,174,855,0.22,2,0.0,0,177,165,193,28
43907,Guyana,GUY,177,954,959,-2,2019-06-14,269,-1.87,-258,-0.59,-81,133,315,-0.82,-37,-0.18,-8,154,849,-2.22,-20,-1.44,-13,179,118,182,64
43918,St. Vincent and the Grenadines,VIN,177,954,954,1,2019-06-14,229,-1.66,-229,-0.55,-76,144,304,-4.5,-198,-1.5,-66,160,856,-0.89,-8,-0.11,-1,176,112,180,68
43915,Puerto Rico,PUR,180,940,940,1,2019-06-14,201,0.23,32,0.06,8,153,307,-1.75,-77,-0.45,-20,158,853,-6.56,-59,-2.33,-21,177,112,181,69
43959,Malta,MLT,181,939,943,-1,2019-06-14,188,-1.17,-161,-0.46,-63,155,253,-1.86,-82,-0.73,-32,176,834,1.56,14,0.44,4,182,145,191,46
43826,Macau,MAC,182,936,925,1,2019-06-14,84,0.41,56,0.04,6,191,214,0.13,6,0.02,1,187,830,1.33,12,0.44,4,183,180,196,16
43956,Liechtenstein,LIE,183,922,932,-1,2019-06-14,198,-0.61,-84,-0.4,-55,153,254,-3.25,-143,-1.39,-61,176,841,-2.11,-19,-0.22,-2,180,129,191,62
43809,Bangladesh,BAN,183,922,909,5,2019-06-14,139,0.15,20,0.01,1,171,225,-1.56,-67,-0.33,-14,186,811,2.22,20,1.56,14,191,166,197,31
43878,Sao Tome e Principe,STP,185,920,920,0,2019-06-14,129,0.37,51,0.1,14,180,265,-0.16,-7,0.11,5,172,823,-0.89,-8,0.22,2,185,150,193,43
20003,Bhutan,BHU,186,916,917,0,2019-06-14,83,0.35,48,0.09,12,193,234,-1.69,-76,-0.51,-23,180,824,-1.78,-16,-0.22,-2,185,159,193,34
20008,Mongolia,MNG,187,914,915,0,2019-06-14,102,0.12,14,0.03,3,186,183,0.58,26,0.29,13,195,821,-0.67,-6,0.11,1,186,186,205,19
43824,Laos,LAO,188,912,923,-4,2019-06-14,130,-0.17,-24,-0.17,-24,174,247,-0.93,-42,-0.22,-10,176,835,-3.78,-34,-1.0,-9,182,162,188,26
43894,Aruba,ARU,189,909,909,-1,2019-06-14,150,0.3,41,0.07,9,170,303,-3.7,-163,-1.23,-54,160,819,-3.78,-34,-0.78,-7,187,112,189,77
20007,Guam,GUM,190,908,907,3,2019-06-14,108,0.39,53,0.14,19,183,253,-1.19,-51,-0.23,-10,177,811,-0.44,-4,-0.11,-1,191,146,194,48
44007,Cook Islands,COK,190,908,908,0,2019-06-14,79,0.26,36,-0.04,-5,194,218,0.76,34,0.2,9,186,811,0.0,0,0.11,1,190,166,207,41
20012,American Samoa,ASA,190,908,908,0,2019-06-14,82,0.28,38,0.06,8,193,220,0.58,26,0.29,13,186,811,0.0,0,0.11,1,190,164,203,39
43810,Brunei Darussalam,BRU,193,904,903,1,2019-06-14,86,0.03,4,-0.1,-14,190,213,-0.33,-14,-0.16,-7,190,806,0.22,2,0.22,2,194,182,198,16
43880,Seychelles,SEY,194,902,908,-4,2019-06-14,106,-0.69,-96,-0.39,-54,182,211,-0.58,-26,-0.11,-5,188,815,-0.33,-3,0.0,0,189,178,196,18
1882637,Samoa,SAM,195,896,896,2,2019-06-14,115,0.13,18,-0.02,-3,179,220,0.05,2,0.02,1,187,800,-0.67,-6,-0.44,-4,196,162,198,36
43996,Djibouti,DJI,195,896,896,2,2019-06-14,72,0.28,39,0.06,8,195,177,0.62,28,0.27,12,198,800,0.56,5,0.33,3,196,183,207,24
20009,Montserrat,MSR,197,895,895,2,2019-06-14,76,0.2,27,0.01,2,194,192,-1.82,-80,-0.57,-25,195,786,1.11,10,0.33,3,201,178,205,27
1941613,Gibraltar,GIB,198,893,900,-3,2019-06-14,252,0.93,27,-6.83,-198,201,252,0.93,27,-6.83,-198,201,804,-0.78,-7,-0.22,-2,194,190,206,16
1881967,US Virgin Islands,VIR,199,888,888,1,2019-06-14,85,0.23,32,0.03,4,191,201,-1.64,-72,-0.48,-21,192,789,-0.44,-4,0.0,0,200,171,202,31
1890334,Timor-Leste,TLS,200,879,900,-5,2019-06-14,85,0.09,12,-0.01,-1,192,225,-3.09,-139,-1.09,-49,184,806,-3.56,-32,-1.11,-10,193,146,200,54
43837,Sri Lanka,SRI,201,872,886,1,2019-06-14,120,-0.53,-73,-0.21,-29,177,194,-1.45,-64,-0.3,-13,195,788,-1.78,-16,-0.11,-1,200,182,202,20
20006,Eritrea,ERI,202,868,868,1,2019-06-14,104,-1.07,-148,-0.44,-61,183,158,-0.18,-8,0.05,2,204,771,0.0,0,0.56,5,204,201,207,6
44039,Tonga,TGA,202,868,868,1,2019-06-14,78,-0.11,-15,-0.07,-10,192,160,-0.39,-17,-0.02,-1,204,771,0.0,0,0.56,5,204,197,207,10
43882,Somalia,SOM,202,868,868,1,2019-06-14,69,-0.09,-13,-0.07,-9,195,155,-0.13,-6,0.09,4,204,771,0.0,0,0.56,5,204,202,207,5
43832,Pakistan,PAK,205,867,888,-5,2019-06-14,119,-0.25,-34,-0.17,-23,177,197,-2.57,-113,-0.73,-32,194,788,-1.89,-17,-0.22,-2,200,170,205,35
43900,Cayman Islands,CAY,205,867,867,1,2019-06-14,89,-0.17,-24,-0.14,-20,188,175,-1.16,-52,-0.31,-14,199,777,-1.44,-13,-0.11,-1,203,187,206,19
20004,British Virgin Islands,VGB,205,867,867,1,2019-06-14,75,-0.67,-90,-0.31,-42,194,172,-0.49,-21,-0.14,-6,202,772,-0.56,-5,0.11,1,205,194,207,13
20011,Turks and Caicos Islands,TCA,208,862,862,0,2019-06-14,79,-0.42,-57,-0.22,-30,192,174,-1.64,-72,-0.57,-25,201,766,-2.11,-19,-0.67,-6,208,193,211,18
20002,Anguilla,AIA,209,857,857,0,2019-06-14,51,-0.11,-15,-0.09,-12,203,157,-0.3,-13,0.02,1,206,767,-1.22,-11,-0.22,-2,207,204,209,5
43895,Bahamas,BAH,210,855,855,0,2019-06-14,92,-0.9,-124,-0.43,-59,186,157,-0.89,-39,-0.27,-12,205,763,-1.44,-13,-0.33,-3,209,196,210,14
43966,San Marino,SMR,211,839,848,0,2019-06-14,57,-0.27,-37,-0.11,-15,201,171,-1.57,-69,-0.36,-16,202,762,-4.11,-37,-0.67,-6,208,192,211,19
